5.000097,15.042764,5.620988,4.4929624,81.23274,12.779699
4.9582725,14.879664,4.938477,4.4696336,76.56574,12.510442
4.9852877,14.949474,5.1145005,4.4801803,77.16543,12.578158
4.944206,14.816303,4.8324375,4.462767,74.7761,12.410004
4.9155965,14.7074795,4.549047,4.4418263,73.52859,12.298459
4.997714,15.025039,5.474653,4.492012,80.20426,12.733675
4.9284062,14.7532835,4.681378,4.4508734,73.84746,12.336168
4.923334,14.755115,4.685109,4.451178,74.06424,12.342571
4.993092,15.041216,5.548778,4.501618,79.445656,12.715741
4.9879303,15.051766,5.676241,4.5073714,80.17778,12.741829
4.943411,14.836191,4.8682594,4.4652314,75.451256,12.444393
4.92816,14.766708,4.722978,4.4530144,74.02943,12.347435
4.973537,14.856283,4.827866,4.464908,75.47214,12.463565
4.9348216,14.815546,4.8296604,4.4620576,75.096825,12.416979
4.925869,14.764338,4.6874704,4.4528503,74.16449,12.350198
5.030577,15.101713,5.728598,4.5059447,81.43756,12.827362
4.964171,14.914003,5.072553,4.47206,77.66781,12.573551
4.9363484,14.819154,4.843831,4.464285,74.86394,12.406705
4.9161363,14.698541,4.5211186,4.4394016,73.34153,12.286364
4.980033,14.948788,5.186427,4.4733887,78.81745,12.642836
4.934147,14.775306,4.729512,4.4551315,74.20503,12.363806
4.920514,14.7174425,4.598068,4.442093,73.40794,12.29855
4.976127,15.019677,5.5274954,4.500774,79.102356,12.6835575
4.945607,14.8484,4.8794785,4.4663577,75.85813,12.464461
5.00273,15.048833,5.5517545,4.500396,79.98824,12.740329
4.9879303,15.051766,5.676241,4.5073714,80.17778,12.741829
5.04114,15.145039,6.042796,4.5006814,83.75533,12.928676
4.9188957,14.711622,4.5989494,4.4413724,73.33156,12.29352
4.9232373,14.741667,4.6285954,4.4485307,74.05019,12.338377
4.9668965,14.825072,4.764757,4.461185,74.65698,12.415233
4.9475813,14.845575,4.8613715,4.46754,75.404785,12.443789
4.9475813,14.845575,4.8613715,4.46754,75.404785,12.443789
4.918055,14.705574,4.5268745,4.4413285,73.55113,12.299798
4.928593,14.78545,4.7448554,4.456917,74.7101,12.385413
4.922418,14.752539,4.6633744,4.450666,74.01279,12.3374
4.933646,14.799263,4.7791414,4.459412,74.796776,12.396564
4.947238,14.863613,4.9393415,4.4697814,76.002205,12.478378
4.988842,15.066727,5.7858024,4.511666,80.61171,12.766649
4.949162,14.869555,4.9607525,4.47133,76.056335,12.48487
4.943411,14.836191,4.8682594,4.4652314,75.451256,12.444393
5.0080256,15.030176,5.377017,4.494195,78.70639,12.685512
4.945403,14.846969,4.877763,4.466699,75.71162,12.457456
4.9566507,14.843181,4.8499227,4.456694,77.21424,12.520289
4.9480295,14.865883,4.9304333,4.4655538,76.82883,12.511292
4.9671774,14.841695,4.8012094,4.463638,75.071724,12.437964
4.955953,14.8646755,4.934063,4.470461,75.52734,12.464019
4.9412394,14.836765,4.8902636,4.466567,75.10532,12.426897
4.93842,14.842255,4.8789554,4.465963,75.84626,12.457569
4.9879303,15.051766,5.676241,4.5073714,80.17778,12.741829
4.9460206,14.898889,5.059212,4.47718,76.78798,12.519792
4.9210653,14.705134,4.56091,4.4390826,73.21624,12.28599
4.9269905,14.795395,4.765301,4.4596167,74.80061,12.389118
4.9452386,14.877887,4.9909377,4.467932,77.10508,12.525178
4.945607,14.8484,4.8794785,4.4663577,75.85813,12.464461
5.0543575,15.170757,6.0378737,4.5203247,82.94139,12.922769
4.9473557,14.8651495,4.955798,4.4712005,75.77537,12.470286
4.924559,14.732391,4.6018486,4.446159,73.64436,12.315163
4.920703,14.732961,4.6226244,4.4463744,73.7799,12.321779
4.9230995,14.746675,4.682963,4.44944,73.7573,12.3264065
4.931735,14.816411,4.837934,4.463018,75.17172,12.417433
4.9538655,14.849504,4.863622,4.466556,75.493484,12.453838
5.0543575,15.170757,6.0378737,4.5203247,82.94139,12.922769
5.0080256,15.030176,5.377017,4.494195,78.70639,12.685512
5.0080256,15.030176,5.377017,4.494195,78.70639,12.685512
4.964118,14.817892,4.7411013,4.460402,74.79859,12.416668
4.944206,14.816303,4.8324375,4.462767,74.7761,12.410004
4.963538,14.819299,4.728023,4.459511,74.786415,12.413624
5.0172873,15.116602,5.956408,4.5166645,82.021164,12.855405
4.959316,14.893837,5.0308704,4.475831,76.13749,12.504174
4.982737,14.94385,5.1417036,4.4698076,78.97394,12.643608
4.992855,14.921944,5.0012794,4.4602222,78.69823,12.622924
4.9738274,14.893817,4.984659,4.465575,77.43571,12.56256
5.0038867,15.094541,5.8979335,4.514986,81.529045,12.819389
5.0080256,15.030176,5.377017,4.494195,78.70639,12.685512
5.00926,15.092823,5.8241186,4.511419,81.27816,12.814075
4.964171,14.914003,5.072553,4.47206,77.66781,12.573551
4.940556,14.817365,4.8405695,4.463578,74.73809,12.40456
4.9289727,14.800199,4.777488,4.459762,75.0051,12.401295
4.944206,14.816303,4.8324375,4.462767,74.7761,12.410004
4.9358673,14.831767,4.872421,4.466119,75.20452,12.424999
4.9538655,14.849504,4.863622,4.466556,75.493484,12.453838
4.962094,14.888994,4.9809175,4.4724927,76.18984,12.503137
4.9473557,14.8651495,4.955798,4.4712005,75.77537,12.470286
4.988842,15.066727,5.7858024,4.511666,80.61171,12.766649
5.002203,15.055398,5.6349697,4.499081,80.70504,12.773506
4.953629,14.864225,4.9001894,4.468504,76.01671,12.478935
4.923334,14.755115,4.685109,4.451178,74.06424,12.342571
4.9777513,14.933202,5.099798,4.4713807,78.10235,12.604464
4.9352646,14.806019,4.7912283,4.458899,75.4105,12.427553
4.9284062,14.7532835,4.681378,4.4508734,73.84746,12.336168
4.9523544,14.849983,4.899916,4.461486,76.76169,12.507377
5.036748,15.138436,5.995362,4.5113482,82.9092,12.899976
5.0038867,15.094541,5.8979335,4.514986,81.529045,12.819389
4.9188957,14.711622,4.5989494,4.4413724,73.33156,12.29352
5.00784,15.102066,5.942273,4.5152345,81.89484,12.838049
4.9345264,14.781467,4.724586,4.456277,74.35548,12.370966
5.002154,15.070962,5.703818,4.507007,80.576904,12.775049
4.9334626,14.775992,4.7210083,4.455659,74.3304,12.368588
4.923171,14.731772,4.638019,4.4460597,73.630615,12.316343
5.003529,15.03023,5.473392,4.4900055,80.27005,12.742444
4.998199,15.005589,5.340342,4.4876523,79.14633,12.688578
4.9925275,15.002439,5.3552003,4.4871726,79.477486,12.69232
5.002127,15.0095005,5.3105273,4.4888372,78.74593,12.673265
5.0421247,15.133024,5.9602375,4.4958205,83.58574,12.911441
4.993244,14.994412,5.3025784,4.484978,79.09754,12.677092
5.0241466,15.0666065,5.5749726,4.495696,81.17261,12.795088
4.9765925,14.92205,5.0421495,4.476885,76.74535,12.545929
5.0336227,15.069394,5.6018615,4.4832,82.11238,12.835246
5.0345936,15.111254,5.813244,4.5045056,82.3226,12.863618
5.023721,15.062957,5.631744,4.485057,82.13121,12.83018
4.983932,14.982888,5.2891445,4.4848266,78.94268,12.659578
5.007029,15.056334,5.5930557,4.498519,80.54384,12.768393
5.0047994,15.0133705,5.370336,4.4850388,80.1316,12.724886
4.990039,14.991558,5.3234973,4.4842286,79.62267,12.689093
5.020244,15.077688,5.7295613,4.494523,82.06143,12.836207
4.9889307,15.021211,5.507356,4.492976,80.226364,12.730338
5.021647,15.100959,5.908659,4.497476,82.973724,12.8766165
5.010087,15.057215,5.598816,4.4979053,80.82974,12.777896
5.0274816,15.084187,5.71252,4.4961424,82.20213,12.837862
4.963857,14.966842,5.306072,4.489831,77.87572,12.605351
5.043826,15.138378,5.973224,4.497928,83.61003,12.917177
5.0336227,15.069394,5.6018615,4.4832,82.11238,12.835246
5.004451,15.019275,5.4413233,4.4836287,80.70992,12.751309
5.0314794,15.10388,5.8386126,4.495548,82.91962,12.873126
5.0502796,15.174837,6.1704464,4.5061994,84.23254,12.955433
5.003529,15.03023,5.473392,4.4900055,80.27005,12.742444
5.0531254,15.178775,6.13919,4.5146475,83.71405,12.953083
5.192978,15.5954075,9.756696,4.57515,80.527405,13.207736
5.0480056,15.143408,5.930118,4.508501,82.90249,12.902515
5.002135,15.035864,5.4928,4.494628,80.11483,12.737038
5.002154,15.070962,5.703818,4.507007,80.576904,12.775049
4.951779,14.887153,5.015174,4.473992,76.3121,12.502853
5.050666,15.173287,6.147225,4.5011396,84.35893,12.9573555
5.018334,15.080992,5.742942,4.501049,81.93304,12.826252
5.0009584,15.023601,5.48031,4.486956,80.67758,12.749593
5.0173965,15.088077,5.7825227,4.503901,81.8811,12.831973
4.9987473,14.9908695,5.2884936,4.4791794,79.73631,12.697978
5.036577,15.136754,6.028789,4.502338,83.56918,12.916044
5.0335875,15.091922,5.7524624,4.4881597,82.82327,12.863404
4.944421,14.866009,4.952107,4.467675,76.62304,12.502491
5.0173965,15.088077,5.7825227,4.503901,81.8811,12.831973
5.0467668,15.153205,6.048176,4.4983983,83.96975,12.93678
5.04398,15.152568,6.0819554,4.4977894,84.12041,12.936262
5.001617,15.032059,5.520714,4.4906335,80.752045,12.756176
5.040739,15.145,6.061637,4.498817,83.942345,12.929352
5.0509915,15.173236,6.1518416,4.505194,84.22431,12.953211
5.0361156,15.115175,5.841796,4.503522,82.52806,12.8725195
4.9448657,14.826231,4.8230834,4.459335,76.19383,12.471066
4.98662,14.989803,5.3740287,4.4814553,80.0307,12.708364
4.9811068,14.954697,5.1628003,4.4767847,78.73724,12.633538
5.0277424,15.074439,5.589806,4.4962115,81.0529,12.8030815
4.999539,15.016827,5.438072,4.486844,80.40824,12.736566
5.0451837,15.156121,6.0726986,4.5062203,83.699646,12.9354
5.042502,15.164362,6.169731,4.5100985,83.95681,12.945501
5.024472,15.09157,5.743025,4.5022645,81.83128,12.833157
4.983932,14.982888,5.2891445,4.4848266,78.94268,12.659578
4.9708533,14.9177475,5.0537677,4.47363,77.391624,12.567936
4.988773,14.988759,5.297124,4.4863157,78.6486,12.657144
5.0371857,15.148781,6.0800843,4.5126896,83.3255,12.918893
5.054934,15.1834755,6.1652503,4.5135713,83.949165,12.960696
5.0456805,15.1535015,6.068925,4.4968414,84.10513,12.936721
4.9663734,14.953779,5.2388506,4.4866834,77.41464,12.583667
4.9744005,14.9610815,5.224492,4.482193,78.515205,12.626894
4.9744005,14.9610815,5.224492,4.482193,78.515205,12.626894
5.0463657,15.146276,5.970666,4.509627,83.09443,12.909012
5.02447,15.084866,5.6974816,4.5012646,81.58181,12.8209505
4.988918,14.986038,5.289796,4.484145,79.07868,12.670241
5.0267663,15.056826,5.5429897,4.4857054,81.436295,12.806377
5.053454,15.183284,6.1921854,4.5040774,84.45172,12.966741
5.01988,15.055432,5.4952545,4.4950275,80.36743,12.76291
5.0173025,15.076972,5.716233,4.4990473,81.83124,12.821868
5.03035,15.112842,5.8682494,4.505963,82.441025,12.86726
4.97463,14.901552,4.994599,4.465742,77.70331,12.573983
4.9795275,15.000048,5.4003468,4.4915233,79.011345,12.670534
4.999539,15.016827,5.438072,4.486844,80.40824,12.736566
5.0296373,15.061179,5.5743303,4.4829617,82.03852,12.822489
4.983932,14.982888,5.2891445,4.4848266,78.94268,12.659578
4.980398,14.974046,5.2553773,4.4841404,78.491066,12.637407
5.002127,15.0095005,5.3105273,4.4888372,78.74593,12.673265
5.003449,14.975492,5.164586,4.47738,78.62597,12.6534605
4.989911,14.98919,5.2961936,4.4851584,78.87762,12.665355
4.988773,14.988759,5.297124,4.4863157,78.6486,12.657144
5.0359783,15.119228,5.917252,4.4951396,83.38717,12.89868
5.04114,15.145039,6.042796,4.5006814,83.75533,12.928676
4.959866,14.907156,5.063593,4.470632,77.68944,12.569756
4.992042,15.105885,6.2247324,4.5078564,82.028366,12.863771
5.0194397,15.073421,5.6934867,4.496337,81.91619,12.822106
4.9989414,14.978121,5.1874065,4.478928,78.99666,12.661381
5.0240183,15.105369,5.886441,4.505051,82.56624,12.863354
5.00784,15.102066,5.942273,4.5152345,81.89484,12.838049
5.04307,15.138818,5.984661,4.498449,83.60141,12.917554
4.9306974,14.77519,4.711285,4.4549503,74.38234,12.36822
4.980046,14.96961,5.2401567,4.481428,78.859825,12.64639
5.032558,15.112632,5.900408,4.4969096,83.21239,12.885508
5.007029,15.056334,5.5930557,4.498519,80.54384,12.768393
4.9481716,14.866055,4.952986,4.4705434,75.95723,12.4788065
5.0352135,15.132864,5.992169,4.5087776,83.13703,12.898174
4.980398,14.974046,5.2553773,4.4841404,78.491066,12.637407
5.0223894,15.075291,5.739903,4.487887,82.62327,12.847396
5.0248904,15.081099,5.749901,4.489069,82.59321,12.852501
4.9157667,14.7141485,4.577901,4.4422865,73.557724,12.30147
5.1957893,15.602621,9.878693,4.5759535,80.65628,13.224385
5.0404305,15.142,6.026202,4.5034056,83.56093,12.919213
5.003959,14.999301,5.295573,4.4809384,79.85988,12.705868
5.053728,15.185124,6.197816,4.506971,84.38515,12.970098
5.0456805,15.1535015,6.068925,4.4968414,84.10513,12.936721
5.0350475,15.10762,5.8435826,4.4927363,83.13492,12.882574
5.0411024,15.148612,6.0656724,4.505418,83.63387,12.927079
5.034968,15.102193,5.774966,4.4974155,82.48519,12.861309
5.0335875,15.091922,5.7524624,4.4881597,82.82327,12.863404
5.0361156,15.115175,5.841796,4.503522,82.52806,12.8725195
5.0110493,15.061351,5.573298,4.5006595,80.12465,12.756626
4.9949007,14.999134,5.3496313,4.483755,79.915855,12.707475
5.0104012,15.044449,5.517395,4.4935565,80.6643,12.761748
5.0298514,15.1149235,5.9406996,4.4984837,83.24925,12.8914795
5.0546746,15.188747,6.2119956,4.508055,84.408134,12.973907
5.022784,15.092165,5.786639,4.5014405,82.158066,12.843344
5.0500216,15.164146,6.0902743,4.501584,84.08524,12.945968
5.0279307,15.082199,5.677123,4.496222,81.93042,12.829725
5.0421247,15.133024,5.9602375,4.4958205,83.58574,12.911441
5.015977,15.035842,5.5008183,4.482909,81.38846,12.783824
5.0455995,15.150963,6.049732,4.4961257,84.05175,12.933937
5.0436215,15.135266,5.9583755,4.4944763,83.70173,12.915724
4.988918,14.986038,5.289796,4.484145,79.07868,12.670241
5.0511265,15.172851,6.1408243,4.5024567,84.24904,12.956342
4.9692173,14.935888,5.1218133,4.477659,77.88771,12.589983
5.0127063,15.076598,5.7194424,4.5033073,81.40888,12.807249
5.0336227,15.069394,5.6018615,4.4832,82.11238,12.835246
5.0361114,15.104679,5.816046,4.491652,83.02046,12.875457
4.9987473,14.9908695,5.2884936,4.4791794,79.73631,12.697978
5.021316,15.069199,5.6951513,4.4878764,82.312386,12.836132
4.9183164,14.7157955,4.548737,4.4433265,73.78889,12.31337
5.050666,15.173287,6.147225,4.5011396,84.35893,12.9573555
5.003366,15.016388,5.4570627,4.481085,80.99696,12.757143
5.0478435,15.171129,6.16742,4.5072637,84.12737,12.95347
4.922142,14.768416,4.7136154,4.4539156,74.302605,12.356343
4.9949007,14.999134,5.3496313,4.483755,79.915855,12.707475
5.0478435,15.171129,6.16742,4.5072637,84.12737,12.95347
5.048146,15.1560545,6.0565276,4.499084,84.002815,12.936647
5.018172,15.044617,5.462193,4.4905763,80.45658,12.76028
5.037182,15.113998,5.818814,4.50341,82.35161,12.867876
5.03706,15.097198,5.623221,4.503399,80.76928,12.807169
5.0380664,15.104723,5.801113,4.488039,83.072296,12.882148
5.0456805,15.1535015,6.068925,4.4968414,84.10513,12.936721
5.0287333,15.098101,5.7995934,4.4996266,82.43971,12.856884
5.0059805,15.051973,5.600546,4.495796,80.897835,12.775711
5.163377,15.550479,10.049132,4.545657,80.84518,13.209088
5.002722,15.012121,5.4098287,4.4823456,80.60078,12.741337
5.000559,15.02553,5.5412216,4.48466,81.26998,12.774211
4.9670014,14.840546,4.7863617,4.4637785,75.1021,12.437178
5.0424256,15.155407,6.0962434,4.5089254,83.662605,12.932978
5.032959,15.081502,5.7018595,4.483458,82.67187,12.857569
5.0568304,15.198962,6.2679205,4.50812,84.66346,12.982155
4.911761,14.677786,4.500437,4.434152,72.97789,12.260799
5.042949,15.153694,6.0928416,4.5043454,83.88047,12.933879
5.0462904,15.143255,5.9723053,4.5044723,83.357315,12.911213
5.017907,15.0638,5.6354795,4.492906,81.58328,12.809746
5.0417786,15.13176,5.923309,4.5038185,83.050545,12.898925
5.0254455,15.054036,5.5474753,4.483668,81.72553,12.80874
5.056445,15.197091,6.2559476,4.51093,84.49352,12.98161
5.04307,15.138818,5.984661,4.498449,83.60141,12.917554
4.915625,14.733263,4.6102104,4.4466205,73.99601,12.327319
5.002127,15.0095005,5.3105273,4.4888372,78.74593,12.673265
5.0009413,15.130169,6.2818217,4.516489,82.002686,12.882554
5.037478,15.13617,5.986488,4.508425,83.04907,12.902055
4.9830155,14.976821,5.275403,4.4819565,79.135666,12.662472
5.007295,15.036762,5.558681,4.486673,81.38347,12.784822
5.0009413,15.130169,6.2818217,4.516489,82.002686,12.882554
5.059179,15.231038,18.908728,4.524625,84.10507,12.99331
4.9213643,14.758418,4.6986446,4.4515357,74.19216,12.349444
5.0335875,15.091922,5.7524624,4.4881597,82.82327,12.863404
5.10241,15.378222,7.014799,4.575246,81.66829,13.073391
5.0440598,15.139486,5.965042,4.5041237,83.29126,12.907901
5.0255294,15.103686,5.839669,4.5036974,82.36839,12.859025
5.047425,15.151108,6.0235376,4.502255,83.69013,12.927861
5.0494103,15.161727,6.080862,4.4994707,84.073235,12.944873
5.0553894,15.1847515,6.175139,4.50867,84.26987,12.963663
4.9977665,15.036378,5.53637,4.4955015,80.29423,12.742982
5.0542393,15.185907,6.1971273,4.505691,84.4245,12.971057
5.027529,15.062682,5.6026235,4.4845133,82.0415,12.8246765
5.0314746,15.108584,5.8707924,4.4965577,82.955826,12.88189
5.0269475,15.094245,5.8139834,4.494679,82.80475,12.862576
5.0462017,15.141516,5.923496,4.5098143,82.75568,12.897957
4.9811068,14.954697,5.1628003,4.4767847,78.73724,12.633538
4.9997587,15.057929,5.700844,4.5001507,81.24234,12.788413
5.053161,15.17623,6.139551,4.511667,83.89951,12.951329
5.041016,15.130786,5.931618,4.5026565,83.14338,12.899597
5.0466924,15.145591,5.981875,4.5043974,83.40262,12.916738
5.035164,15.087507,5.709718,4.4863615,82.70324,12.859207
5.045521,15.153115,6.0488405,4.5056267,83.59052,12.930361
5.044377,15.158738,6.111851,4.5065556,83.90279,12.938006
5.0460367,15.147227,6.002758,4.505914,83.42254,12.917986
4.9809337,14.9554615,5.1745286,4.482154,77.42494,12.59163
4.9987473,14.9908695,5.2884936,4.4791794,79.73631,12.697978
5.0540023,15.1888485,6.2258964,4.50982,84.38175,12.970406
4.9949007,14.999134,5.3496313,4.483755,79.915855,12.707475
5.053161,15.17623,6.139551,4.511667,83.89951,12.951329
5.009299,15.052534,5.644144,4.490728,81.69159,12.806152
5.0040083,14.994601,5.244083,4.4810853,79.13144,12.678658
5.1768956,15.5522,9.601499,4.5625353,80.254005,13.15681
5.0117736,14.932838,19.446566,4.5040154,78.50375,12.647111
4.981147,14.760296,19.8324,4.450955,74.127716,12.400164
4.9613233,14.650113,19.52464,4.435372,71.888306,12.31419
5.017479,14.933062,19.685232,4.4955215,77.77396,12.627786
4.9595785,14.649729,19.613005,4.4321566,71.94327,12.340175
4.960712,14.661742,19.72605,4.4338193,72.36276,12.319185
5.001413,14.797834,19.691776,4.462765,74.405975,12.484952
4.9647985,14.67961,19.940435,4.438231,72.65694,12.344486
4.982666,14.745064,19.869785,4.4519877,73.23248,12.391877
4.983066,14.759271,19.86478,4.4522767,74.07292,12.391977
4.972416,14.689721,19.725634,4.444422,72.297226,12.343199
4.9733243,14.707266,19.778315,4.444369,73.00125,12.338301
4.9738884,14.698744,19.649027,4.444113,72.8131,12.340505
4.976046,14.745908,19.861319,4.4483576,73.61157,12.373113
4.9765787,14.729729,19.40434,4.449679,72.425156,12.413614
5.0012536,14.879015,20.473366,4.472457,76.56429,12.507793
5.017479,14.933062,19.685232,4.4955215,77.77396,12.627786
4.9742236,14.696425,19.746416,4.4448404,72.81597,12.364003
5.0064,15.02417,20.53112,4.515476,79.87931,12.682101
5.0092273,14.827998,19.390831,4.4709067,74.66878,12.512588
4.977562,15.12011,7.386497,4.5072823,77.42416,12.754227
4.9740744,14.722886,19.761736,4.4450207,73.182335,12.360924
5.0064,15.02417,20.53112,4.515476,79.87931,12.682101
4.981488,14.732434,19.714035,4.4495053,73.53949,12.363857
5.011383,14.848451,19.29428,4.481357,76.275955,12.559999
5.017479,14.933062,19.685232,4.4955215,77.77396,12.627786
5.0220594,14.9,19.001911,4.4955425,76.925545,12.630541
4.9825144,14.73185,19.725315,4.44945,73.32365,12.370188
4.9859176,14.78397,19.936632,4.4542985,74.332184,12.422772
4.9670053,14.712578,19.652729,4.4417577,72.68964,12.37698
5.037479,14.94624,18.992538,4.5118284,77.67394,12.676133
5.025882,14.89736,19.53824,4.4910555,76.83754,12.6173725
4.9819617,14.737593,19.509573,4.4514103,72.86327,12.422859
4.9957495,14.798684,19.768595,4.459881,74.59314,12.460082
5.025072,14.871228,19.39538,4.482869,76.175644,12.591399
4.9743285,14.699566,19.735977,4.444588,73.01027,12.348942
4.9834166,14.767459,19.556385,4.4543314,73.17474,12.432763
4.993207,14.768138,19.772787,4.4582114,73.79509,12.443659
4.982666,14.745064,19.869785,4.4519877,73.23248,12.391877
4.947679,14.619452,19.571814,4.4240904,71.64235,12.282336
4.979163,14.730504,19.962894,4.449092,72.99661,12.371805
4.9553304,14.648398,19.676617,4.4300895,72.04995,12.316157
4.9979854,15.173537,20.99402,4.553886,85.0043,12.874667
4.9516253,14.642527,19.19633,4.429327,71.407936,12.317781
4.992762,15.144529,21.068409,4.5440884,83.6626,12.82049
5.0103345,15.171194,20.825659,4.5550485,84.94068,12.887629
4.9765787,14.729729,19.40434,4.449679,72.425156,12.413614
4.9733243,14.707266,19.778315,4.444369,73.00125,12.338301
5.0369124,15.223342,20.523613,4.546867,85.23285,12.962862
5.008028,14.62708,30.83932,4.2579145,80.502045,12.374842
4.997342,15.165061,20.983816,4.5501347,84.80921,12.864286
5.006734,15.161606,20.731369,4.550586,84.79406,12.870821
4.994615,14.855089,19.999922,4.4646554,75.95987,12.506438
4.9782615,15.106514,21.14493,4.5300627,82.466835,12.759467
4.9883494,14.758723,19.72311,4.4561524,73.545334,12.43386
4.8835993,14.563818,44.23932,4.447904,77.53594,12.335925
5.022332,15.002858,15.081018,4.5010185,77.37195,12.67921
4.9646287,14.67332,19.6373,4.438972,71.99222,12.330538
4.9878554,14.970628,20.396866,4.498598,79.20454,12.620472
4.9447675,14.586407,19.338535,4.4201326,71.03473,12.232104
4.9782615,15.106514,21.14493,4.5300627,82.466835,12.759467
4.978043,14.726963,19.629913,4.4480705,72.998055,12.398003
5.022975,15.20828,20.88539,4.56626,85.40957,12.931331
4.99157,14.759756,19.853298,4.4572363,73.964035,12.412288
4.9458213,14.609767,19.565031,4.422555,71.55927,12.269309
5.0135713,14.79604,18.1612,4.4532766,72.03878,12.447303
4.9674873,14.6767645,19.697834,4.4390826,72.34194,12.338343
4.998041,14.83212,19.709665,4.463976,74.26961,12.503005
4.9819617,14.737593,19.509573,4.4514103,72.86327,12.422859
5.025072,14.871228,19.39538,4.482869,76.175644,12.591399
5.0051265,14.98769,19.933834,4.5064964,79.45623,12.659633
4.985635,14.75476,19.61473,4.4516387,74.22005,12.429175
4.973924,14.700497,19.650394,4.444066,72.95999,12.345454
4.948912,14.620075,19.613943,4.424516,71.54111,12.264912
4.972154,14.713516,19.749006,4.4442,73.06779,12.343779
4.9428773,14.59042,19.684538,4.4185195,71.4166,12.271162
5.0218873,14.876578,19.56536,4.481632,75.92445,12.560503
4.971577,14.710544,19.608894,4.4449506,72.884,12.372042
4.9979854,15.173537,20.99402,4.553886,85.0043,12.874667
5.016723,15.174591,20.708881,4.55252,85.04586,12.900362
5.0122714,15.124514,20.57881,4.5443993,82.955,12.817793
4.959733,14.668518,19.767193,4.4341345,72.59798,12.321377
5.0051265,14.98769,19.933834,4.5064964,79.45623,12.659633
4.9924364,14.793117,19.979689,4.4581957,74.45335,12.448928
5.0003114,14.794821,19.778227,4.4638247,74.1983,12.46675
4.9765787,14.729729,19.40434,4.449679,72.425156,12.413614
4.979593,14.719007,19.839037,4.4490585,72.884415,12.375666
4.963784,14.653411,19.62077,4.4361854,72.09555,12.322196
4.9896107,15.072212,20.884993,4.5269623,81.37759,12.724637
4.9568353,14.641668,19.652323,4.4314837,71.753746,12.295472
4.9896107,15.072212,20.884993,4.5269623,81.37759,12.724637
4.971801,14.700854,19.849613,4.444545,72.56202,12.354993
4.9789367,15.022545,21.095913,4.507945,80.36958,12.658514
4.9635024,14.650558,19.545925,4.4361687,71.81386,12.325947
4.9595785,14.649729,19.613005,4.4321566,71.94327,12.340175
4.9720125,14.6872425,19.553112,4.44253,72.63322,12.335575
4.997503,14.816452,19.782513,4.463244,74.67891,12.479998
4.9948225,14.796842,19.993988,4.460564,74.55501,12.454351
4.9395814,14.574398,19.55127,4.41669,71.019684,12.256985
4.93903,14.573791,19.628654,4.4163265,71.138596,12.258723
5.028782,15.214037,20.958252,4.568411,84.79957,12.930421
5.0184135,14.883902,19.78025,4.4813385,76.32292,12.576366
4.9612703,14.67059,19.60899,4.432255,72.26079,12.374788
5.0024257,15.00429,20.043238,4.510451,79.895386,12.673821
5.021677,15.209068,21.129091,4.5701566,84.22279,12.905007
5.025144,14.970892,19.899546,4.5010166,78.19272,12.652149
4.984487,14.807387,20.170399,4.4594393,75.553505,12.446235
4.9703126,14.703246,19.729855,4.4439287,72.55584,12.362051
5.021901,15.103224,20.507113,4.5437365,81.64383,12.788746
5.0223618,15.145821,20.28765,4.539079,83.627426,12.867518
5.0112576,15.060081,20.598976,4.526186,80.48254,12.727019
5.0243125,15.209944,21.02004,4.5703087,84.53835,12.915296
5.035136,15.145477,20.184847,4.5461264,82.734276,12.865839
5.022643,14.895607,19.633081,4.483309,76.26056,12.597961
5.0222793,14.953267,20.01422,4.4923077,77.66671,12.631457
5.016297,15.133905,20.475702,4.540699,83.58348,12.846764
5.0188828,15.19253,20.76453,4.560626,85.25622,12.916279
4.9950995,15.019378,20.39349,4.510736,80.10048,12.674585
5.0331597,15.197736,20.649485,4.5565624,84.368126,12.918234
4.9273977,15.069833,22.764793,4.461434,81.763054,12.696755
5.0114017,14.945491,20.196115,4.4918017,77.91783,12.613607
4.989887,15.096081,20.873669,4.533069,82.28226,12.756343
4.9612703,14.67059,19.60899,4.432255,72.26079,12.374788
4.994496,14.864583,20.37726,4.4660974,76.1199,12.491362
5.023236,15.152246,19.700497,4.5205035,84.5585,12.899478
4.9553304,14.648398,19.676617,4.4300895,72.04995,12.316157
5.020235,15.11041,19.97661,4.535661,82.38597,12.825643
4.98074,14.938703,20.51142,4.4873705,78.61662,12.57977
5.0351562,15.226639,20.623333,4.552065,85.275856,12.962776
5.024103,15.202139,20.807865,4.560947,85.4481,12.930315
5.0366693,15.149087,20.446146,4.554027,82.69476,12.854826
5.0093327,15.118327,20.835075,4.5444098,81.97128,12.78813
5.0196996,15.160215,20.76582,4.5569916,83.18311,12.853037
5.0173335,15.181092,20.648016,4.5552506,85.244026,12.907569
5.0180078,15.046486,20.013391,4.5263004,80.70282,12.73983
5.001854,15.077989,20.45684,4.5326257,81.82769,12.762958
5.0317016,15.220665,20.914265,4.5648637,85.4821,12.952166
4.991916,14.790074,19.922754,4.458961,74.166794,12.456026
5.0295377,15.220051,20.826073,4.5635953,85.288025,12.946322
4.8823647,14.558167,43.965225,4.452755,77.33646,12.331867
5.0266223,14.871332,19.4832,4.4826727,75.65633,12.575571
5.006424,15.053216,20.636265,4.523423,80.43143,12.715345
5.0163054,15.098503,20.415554,4.5393033,81.82377,12.779147
5.0191236,15.187254,20.74909,4.558088,85.31045,12.912354
5.0091496,15.108729,20.641554,4.542293,82.20361,12.786714
4.94362,14.62361,19.528528,4.423213,71.60607,12.291273
5.034417,15.216291,20.344875,4.54033,85.21016,12.958231
5.0321164,15.201929,20.118013,4.535798,85.338615,12.946915
5.029677,15.148666,20.487385,4.5539036,82.5809,12.852983
5.025989,15.102555,20.180763,4.5406704,81.82676,12.799708
5.027663,15.223832,20.97732,4.570862,85.153824,12.943714
5.006936,15.131066,20.728294,4.542608,83.38617,12.822395
4.9901204,14.742285,19.551033,4.4518547,73.65291,12.43184
5.0163054,15.098503,20.415554,4.5393033,81.82377,12.779147
5.019691,15.187233,20.831583,4.560197,84.58609,12.896872
5.0212693,15.005246,20.070372,4.511082,79.12431,12.683459
5.0280232,15.194408,20.296642,4.5398884,85.180214,12.933388
5.0167837,14.812106,19.207108,4.4734087,74.847244,12.520618
5.0110908,14.948914,20.204285,4.491143,77.92587,12.613362
5.016859,15.139215,20.673029,4.5511427,82.428894,12.818724
5.023537,15.176737,20.687508,4.554954,84.34951,12.890718
5.0178123,15.156319,20.349874,4.5403476,84.84885,12.889006
5.021567,14.974046,20.13484,4.4999304,78.27026,12.652535
5.0329633,15.220894,20.832167,4.560651,85.26997,12.952492
5.03915,15.239696,20.735826,4.5569158,85.60963,12.981332
5.0300126,15.222928,20.980492,4.5681944,85.09534,12.946705
5.021975,15.170064,20.646463,4.552452,84.21803,12.88498
4.9812775,14.748666,19.937866,4.4516683,73.58585,12.401032
5.0146904,15.18287,20.83847,4.5577126,85.06826,12.900089
4.996129,15.094997,20.664854,4.5343533,82.29595,12.769397
5.0332723,15.139278,20.447477,4.5523825,82.49357,12.847951
5.0167513,15.047844,20.568945,4.521514,80.039154,12.716194
5.0347834,15.188172,20.571548,4.5594325,83.563866,12.902886
5.0317016,15.220665,20.914265,4.5648637,85.4821,12.952166
5.0199075,15.173826,20.636593,4.550787,84.64848,12.896349
5.023537,15.176737,20.687508,4.554954,84.34951,12.890718
4.9809,14.763216,20.055748,4.45134,74.01567,12.407414
5.006424,15.053216,20.636265,4.523423,80.43143,12.715345
5.0102234,15.04857,20.535608,4.5230455,80.2905,12.713561
4.9874063,14.768204,20.104645,4.4550357,73.88671,12.41909
5.032154,15.226968,20.753477,4.560064,85.39237,12.959552
4.9565396,14.632378,19.700623,4.431047,71.688034,12.299505
5.023375,15.164987,19.93243,4.5297074,84.96097,12.909502
4.835005,14.678476,26.111115,4.326037,78.93858,12.591309
5.037843,15.220625,20.676706,4.5594893,84.38923,12.947244
5.025144,14.970892,19.899546,4.5010166,78.19272,12.652149
5.030304,15.192947,20.019972,4.533222,85.23071,12.93821
5.0118074,14.823428,19.650265,4.470347,74.880455,12.517081
4.9937406,14.802097,19.706495,4.460878,74.3,12.470624
5.002167,15.003763,20.048403,4.510262,79.82525,12.679315
4.9874063,14.768204,20.104645,4.4550357,73.88671,12.41909
4.717334,14.485236,29.127295,4.3663,78.23177,12.446926
5.0347834,15.188172,20.571548,4.5594325,83.563866,12.902886
5.014638,15.151085,20.73523,4.5536637,83.21751,12.838969
5.025724,14.986821,20.129608,4.503373,78.454475,12.666279
4.989075,15.029228,20.659243,4.512106,80.31205,12.673128
5.0218997,15.145358,20.161852,4.5389566,83.37803,12.864294
5.0256004,15.200829,20.753569,4.559775,84.8264,12.920014
4.994496,14.864583,20.37726,4.4660974,76.1199,12.491362
4.9476395,14.631899,19.6085,4.4260774,71.55241,12.304556
5.0318418,15.028841,19.832449,4.522313,79.5303,12.730753
5.034369,15.170494,20.567684,4.5563893,83.38207,12.883098
5.0351562,15.226639,20.623333,4.552065,85.275856,12.962776
4.920428,15.060957,22.631227,4.4605193,81.79562,12.685743
5.004769,14.829362,19.626438,4.468399,74.300606,12.518548
5.0047317,14.994251,20.165615,4.504244,79.29117,12.658236
5.0347834,15.188172,20.571548,4.5594325,83.563866,12.902886
5.0089345,15.199199,21.206455,4.5633893,84.84448,12.896897
5.021807,15.071589,20.156689,4.535459,81.11128,12.774101
5.0495963,15.206274,19.146244,4.5128884,84.743286,12.970091
5.0281444,15.211718,20.524914,4.5526757,85.635704,12.951183
5.0258255,15.183606,19.883333,4.5304093,85.20047,12.929185
5.017649,15.139336,20.519968,4.5466094,83.32063,12.8425
5.0200334,15.079176,20.189625,4.5329833,81.08059,12.759414
5.024093,15.156396,20.461414,4.5502725,83.50977,12.86722
5.032251,15.210445,20.761406,4.563324,84.461464,12.929307
5.018003,15.042099,20.167734,4.5245824,80.23995,12.722448
5.0366945,15.206865,20.145311,4.5345345,85.20236,12.9532385
4.9495606,14.619472,19.60284,4.4255652,71.66229,12.265196
5.0222435,15.168162,20.32188,4.5388875,84.46094,12.896932
4.991392,14.778548,19.776669,4.4552817,74.30985,12.457219
5.0299325,15.215951,20.882763,4.5640244,85.23333,12.944705
5.033929,15.195592,19.838718,4.525664,85.04506,12.943948
5.0290847,15.209043,20.702986,4.557365,85.33555,12.941424
5.029149,15.200897,20.438974,4.543551,84.93034,12.937308
4.956276,14.632429,19.723597,4.4304705,71.65463,12.287193
5.0328045,15.218753,20.741549,4.5596337,85.41383,12.952266
4.9206824,15.005717,22.664303,4.454306,80.77762,12.635205
5.0351562,15.226639,20.623333,4.552065,85.275856,12.962776
5.039393,15.23566,20.551443,4.5495,85.52117,12.979134
5.040099,15.191662,20.546104,4.559315,83.55684,12.90895
5.031934,15.170332,20.567556,4.555884,83.40871,12.879119
5.0182977,15.0846815,19.984526,4.531543,81.977486,12.788366
5.02698,15.188894,20.17631,4.5382104,85.18656,12.928655
5.028052,15.213708,20.981152,4.568556,84.92097,12.931511
5.026548,15.113754,19.97724,4.5389266,82.15439,12.829994
4.626028,14.512483,33.93808,4.4166536,78.00312,12.400257
4.9425445,14.594133,19.479725,4.419535,71.26002,12.23905
5.0251317,15.19693,20.801842,4.560747,84.83942,12.918129
4.9829483,14.7687645,19.917635,4.453077,73.95313,12.417958
5.0222435,15.168162,20.32188,4.5388875,84.46094,12.896932
4.998094,14.567088,30.081974,4.244626,79.91813,12.324379
5.0165024,15.165589,20.608538,4.550241,84.848946,12.887426
5.025624,15.184179,20.130085,4.5378833,85.28568,12.926462
5.0387697,15.089944,19.984741,4.5400915,80.95033,12.805519
5.0239625,15.156239,20.455776,4.550416,83.47821,12.862103
5.0247264,15.170143,20.667818,4.5534735,83.8045,12.883744
5.031651,15.214288,20.75916,4.561219,85.30173,12.944386
5.0495963,15.206274,19.146244,4.5128884,84.743286,12.970091
5.036469,15.211739,20.165794,4.5351877,85.301765,12.9586735
5.0272937,15.111155,20.09787,4.541393,81.89166,12.821569
4.9806232,15.133316,24.403315,4.3713675,81.0837,12.752374
5.03359,15.156735,20.496342,4.5549164,82.84227,12.867784
5.033966,14.978639,19.85733,4.506203,78.18124,12.677522
4.977137,15.212804,21.808735,4.5266113,84.97743,12.875796
5.015579,15.022812,5.4333735,4.4770303,81.2221,12.77327
5.0275345,15.2131,20.862698,4.564502,85.4156,12.942278
5.0199027,15.125943,20.38844,4.5437403,82.78697,12.833017
5.016683,15.049116,19.984232,4.5246534,80.58131,12.735281
4.927413,15.129666,22.226236,4.486168,83.33725,12.765515
5.008028,14.62708,30.83932,4.2579145,80.502045,12.374842
5.0359406,15.067725,20.039928,4.53561,80.440926,12.774711
5.0224457,15.077102,20.334911,4.534236,80.86575,12.758131
5.016683,15.049116,19.984232,4.5246534,80.58131,12.735281
5.000489,14.785782,19.360521,4.4604316,74.754395,12.4890585
5.0281444,15.211718,20.524914,4.5526757,85.635704,12.951183
4.9702234,14.679482,19.580772,4.4406295,72.59036,12.337131
5.014004,15.076072,20.346565,4.530887,80.974525,12.749735
5.032176,15.205329,20.31188,4.5440936,85.50444,12.948729
4.835005,14.678476,26.111115,4.326037,78.93858,12.591309
5.039607,15.213448,19.906734,4.5266485,85.11369,12.96258
5.028052,15.213708,20.981152,4.568556,84.92097,12.931511
5.0272937,15.111155,20.09787,4.541393,81.89166,12.821569
4.9782615,15.106514,21.14493,4.5300627,82.466835,12.759467
5.0268517,15.208269,20.787052,4.559934,85.28691,12.937275
4.9436183,14.6058035,19.508278,4.4229183,71.04907,12.2798395
5.0143085,15.163369,20.48177,4.546124,84.92128,12.888675
5.0198326,15.150278,20.322298,4.540076,83.89725,12.869167
5.0190525,15.131874,20.255087,4.533831,83.67323,12.857909
4.6361,14.258769,29.137794,4.303284,77.15336,12.257304
5.030928,15.14447,20.369884,4.551657,82.61699,12.842902
5.1833005,15.239732,12.209571,4.5275483,76.120544,12.817364
5.020235,15.11041,19.97661,4.535661,82.38597,12.825643
5.0137734,15.179413,21.15025,4.561972,83.406845,12.859401
4.913287,14.864679,25.772,4.344881,79.89955,12.705584
5.0214124,15.101931,19.780947,4.530128,82.36836,12.823551
4.973924,14.700497,19.650394,4.444066,72.95999,12.345454
5.020492,15.185656,20.844217,4.560942,84.330795,12.893748
4.987187,14.744458,19.213217,4.455119,73.19641,12.420442
5.022907,14.868938,19.631435,4.4805727,75.70393,12.571097
5.0237007,15.20083,20.608723,4.554403,85.37202,12.931427
5.035008,15.232432,20.816454,4.563737,85.08922,12.962619
4.997169,14.615465,30.390594,4.252048,80.436264,12.364591
5.0331597,15.197736,20.649485,4.5565624,84.368126,12.918234
5.037843,15.220625,20.676706,4.5594893,84.38923,12.947244
4.927413,15.129666,22.226236,4.486168,83.33725,12.765515
5.003117,15.11565,20.776794,4.5400987,82.72733,12.796079
5.03136,15.220002,20.889984,4.567054,84.88621,12.942414
5.0231113,15.171128,20.103052,4.532164,84.78958,12.910548
5.018682,15.167989,20.709406,4.553524,84.40785,12.881537
4.8875966,14.566845,44.04564,4.453699,77.39026,12.336373
5.0469966,15.088971,45.262882,4.5152664,84.61944,12.76847
4.850739,15.015179,29.62759,4.3914795,80.63626,12.658207
5.006291,14.948405,45.458008,4.476292,82.9695,12.636416
5.04429,15.114397,45.264004,4.513047,85.35203,12.796166
5.040518,15.204816,19.608665,4.522227,85.09581,12.959516
4.990172,14.878123,45.782333,4.4544244,82.194824,12.568432
4.8978353,14.603821,44.31647,4.4568553,77.933975,12.366594
4.9955473,14.9078665,45.52131,4.468965,82.393585,12.598422
5.0321164,15.201929,20.118013,4.535798,85.338615,12.946915
4.904786,14.67314,43.777145,4.4807324,78.408356,12.417244
4.8862467,14.569142,44.076584,4.4537764,77.47606,12.340088
5.0469966,15.088971,45.262882,4.5152664,84.61944,12.76847
4.988305,14.893882,45.595554,4.462456,82.37884,12.586897
5.037182,15.112456,44.99468,4.528971,84.917816,12.794676
4.977151,14.937191,44.308826,4.52222,81.77585,12.636588
5.072862,15.229103,44.975174,4.544441,86.7359,12.906042
4.990895,14.893099,45.85671,4.451756,82.54554,12.580289
5.0015593,14.935579,45.636353,4.464124,83.05011,12.62303
5.0620117,15.204238,44.88146,4.5431385,86.3366,12.882467
5.0313864,15.1754675,19.686638,4.524146,84.931786,12.928541
5.0622888,15.197158,45.285797,4.5233483,86.68361,12.873841
5.072862,15.229103,44.975174,4.544441,86.7359,12.906042
4.8862467,14.569142,44.076584,4.4537764,77.47606,12.340088
5.0365915,15.070738,45.403236,4.501657,84.757515,12.7541
5.03392,15.036416,45.601524,4.4806924,84.4871,12.717148
4.9845815,15.018417,43.2992,4.5584617,82.48776,12.714587
5.0598016,15.200576,44.73381,4.547575,86.17004,12.880312
5.057034,15.169347,45.186092,4.5247316,86.19251,12.85153
4.913208,14.714869,43.69793,4.490147,78.80878,12.450656
4.886179,14.6206045,43.687664,4.4694195,77.91765,12.3783655
5.0686116,15.177238,45.16183,4.5283155,86.225784,12.8608885
5.024339,15.011698,45.37383,4.4914017,83.762535,12.695357
4.6461277,14.203756,36.166206,4.4230595,77.0019,12.34045
5.044309,15.095865,45.055767,4.5224643,84.65087,12.778447
5.0141964,14.9709425,45.63698,4.4707713,83.492455,12.655048
4.9017096,14.619172,44.52601,4.453986,78.21342,12.377379
4.9210987,14.76063,44.02036,4.4925566,79.617516,12.489807
4.948754,14.840501,44.47497,4.4976482,80.83813,12.553566
4.904614,14.621955,44.337833,4.460962,78.089775,12.37789
5.0645876,15.225164,44.726967,4.5452886,86.774666,12.905938
4.8769245,14.539688,43.920692,4.4492636,77.14256,12.318962
5.057399,15.167246,45.096443,4.5280404,86.00135,12.846866
5.0705523,15.221799,45.15429,4.5358286,86.912895,12.90299
4.955114,14.871015,44.234795,4.507332,81.136154,12.579794
4.865832,14.502208,44.125683,4.4345293,76.84871,12.287974
4.949952,14.828829,44.387024,4.497887,80.5805,12.5438595
4.864625,14.493938,44.19373,4.4310327,76.78407,12.283281
5.0772657,15.240448,45.05333,4.540034,87.15179,12.921823
5.0108356,14.961616,45.74114,4.4621706,83.539764,12.645682
4.983006,14.870973,45.6728,4.457141,82.0883,12.565786
5.0469966,15.088971,45.262882,4.5152664,84.61944,12.76847
4.970812,15.01919,40.336315,4.5368996,80.45348,12.614912
5.0288453,15.031536,45.704395,4.473508,84.57675,12.710902
5.0729113,15.219096,45.063374,4.5345516,86.86475,12.897348
5.0719113,15.237568,45.272053,4.5298834,87.23242,12.91061
4.9945354,15.032612,43.82231,4.5490623,82.97056,12.727568
4.7225637,14.494524,29.462805,4.377578,78.59696,12.479118
4.886524,14.572422,44.45503,4.4441876,77.73174,12.340428
4.95209,14.843414,44.500107,4.49657,80.90716,12.556643
4.8929405,14.583164,44.513115,4.4457664,77.79,12.349279
5.01002,14.963343,45.631557,4.4725857,83.30063,12.645849
5.027314,15.0283165,20.029165,4.523843,79.66106,12.729741
4.988305,14.893882,45.595554,4.462456,82.37884,12.586897
4.872363,14.525695,44.411785,4.4328146,77.225006,12.304524
5.0547185,15.156644,45.21206,4.5268626,85.84633,12.837932
4.9454045,14.848532,43.8437,4.514989,80.46077,12.561498
5.057381,15.13563,45.356575,4.515383,85.69315,12.818781
4.8659368,14.502058,44.04326,4.435687,76.82215,12.289735
5.071962,15.220874,45.070805,4.538423,86.715744,12.896983
5.078481,15.268554,44.7416,4.545148,87.49151,12.946173
5.022207,14.996359,45.402077,4.483336,83.6825,12.682083
4.8771076,14.587471,43.899803,4.456465,77.684425,12.348287
4.8699913,14.514089,43.996277,4.441317,76.921455,12.300825
5.0771704,15.257384,45.03206,4.540715,87.397995,12.933818
4.8920784,14.591209,44.47288,4.4488797,77.93324,12.356331
4.997951,14.9504,44.951317,4.503164,82.31242,12.6435375
4.8870745,14.572409,44.41873,4.445534,77.699844,12.34113
4.990422,15.011538,44.00493,4.540098,82.78781,12.707173
5.0771465,15.253172,44.84829,4.5462136,87.14626,12.929363
4.8681064,14.510579,43.977238,4.4413424,76.90881,12.298897
5.06765,15.211376,45.131416,4.533289,86.64515,12.885333
4.8688483,14.509671,44.055878,4.4391284,76.88043,12.29438
5.073036,15.239864,44.92623,4.5423794,87.06521,12.918643
5.035477,15.076201,45.110878,4.516768,84.471245,12.760686
5.0678334,15.207809,44.99629,4.5384684,86.61082,12.890743
4.988305,14.893882,45.595554,4.462456,82.37884,12.586897
4.868919,14.510144,44.072124,4.438118,76.9221,12.297613
4.9877915,14.883749,45.893883,4.4461904,82.53163,12.572545
4.984365,14.881843,45.51527,4.4706645,81.941925,12.576352
4.8679156,14.50595,44.42622,4.4267397,77.01032,12.2911005
5.039973,15.065818,45.446297,4.501084,84.57641,12.746786
5.0500374,15.154273,44.900925,4.533561,85.59801,12.833625
4.9551115,14.863607,43.8684,4.517213,80.661514,12.57395
5.0712843,15.235499,44.89415,4.540686,87.06055,12.912864
4.886833,14.60727,44.096027,4.458354,77.96957,12.366233
5.0141964,14.9709425,45.63698,4.4707713,83.492455,12.655048
4.8862467,14.569142,44.076584,4.4537764,77.47606,12.340088
4.9521313,14.8516865,43.736565,4.518319,80.43346,12.563962
4.9845815,15.018417,43.2992,4.5584617,82.48776,12.714587
5.061187,15.187638,45.034035,4.535617,86.28505,12.870374
5.054526,15.188696,44.552593,4.550479,85.8335,12.867584
5.0087624,15.029831,44.65798,4.5264406,83.42538,12.720881
5.069987,15.23982,44.839134,4.545392,86.94638,12.915807
4.9803824,14.97403,44.303528,4.527395,82.42404,12.671546
5.042976,15.142668,44.867733,4.538403,85.25124,12.822083
5.06113,15.195213,45.0212,4.5382285,86.27211,12.873029
5.053325,15.171533,45.109165,4.532425,85.97915,12.850223
5.0660257,15.227333,44.736687,4.5474443,86.667625,12.904399
5.059372,15.188306,44.71033,4.5483823,85.86411,12.867771
4.90044,14.615704,44.748127,4.446403,78.30334,12.372599
5.0656424,15.21201,45.084686,4.536921,86.719734,12.893653
5.0655775,15.224491,44.80674,4.544543,86.73512,12.90365
4.963069,14.902376,44.199604,4.51795,81.30104,12.607747
5.02803,15.073633,38.72735,4.4843197,82.73384,12.6823
5.0649557,15.216368,44.99764,4.539194,86.747856,12.89736
5.064056,15.214115,44.626316,4.5480943,86.469475,12.896437
5.0128865,14.9969845,45.185833,4.503542,83.18324,12.681909
4.9632883,14.911468,44.07781,4.5231156,81.33759,12.616994
4.95209,14.843414,44.500107,4.49657,80.90716,12.556643
5.058275,15.184795,44.96821,4.536539,86.172035,12.865327
5.067019,15.207572,45.041344,4.5391965,86.50337,12.886755
5.0718517,15.245754,44.631695,4.5482774,87.0197,12.924631
5.05045,15.145564,45.181232,4.5258517,85.66405,12.82734
5.053656,15.150174,45.271732,4.5246716,85.722374,12.829274
5.0551143,15.190504,44.82432,4.543362,86.0608,12.867901
5.069987,15.23982,44.839134,4.545392,86.94638,12.915807
5.0776014,15.255586,44.918007,4.542139,87.3883,12.935098
5.063075,15.2010565,45.100513,4.537146,86.44028,12.880021
5.057034,15.169347,45.186092,4.5247316,86.19251,12.85153
5.0533113,15.170766,44.846558,4.5426784,85.66371,12.849354
5.0672064,15.214763,44.739086,4.546717,86.476715,12.895553
5.0554886,15.184523,44.469604,4.5532174,85.66232,12.86427
5.0412984,15.115959,44.903996,4.534845,84.77847,12.797602
4.945542,14.846414,44.114613,4.5086784,80.58464,12.55967
4.908273,14.647075,44.503628,4.4612346,78.54208,12.3999815
5.0087624,15.029831,44.65798,4.5264406,83.42538,12.720881
4.972137,14.951952,43.992462,4.531715,81.88085,12.651308
5.022197,15.010036,45.691418,4.474271,84.173096,12.690622
5.0409255,15.1171465,44.831066,4.5362134,84.76637,12.799175
5.062705,15.18871,45.052444,4.535505,86.29473,12.871274
5.0469003,15.152918,44.84217,4.5392504,85.44766,12.833557
5.059802,15.188388,45.14826,4.5344257,86.241615,12.866519
5.041946,15.081246,45.300438,4.5134025,84.55258,12.761261
5.0677395,15.239256,44.545975,4.547494,86.988945,12.921724
5.0771465,15.253172,44.84829,4.5462136,87.14626,12.929363
5.0657167,15.221296,44.994972,4.539424,86.82633,12.901669
5.023154,15.052104,45.160282,4.5085526,84.18514,12.732235
5.067844,15.225271,44.971348,4.5394917,86.9162,12.906034
5.054999,15.171269,44.865833,4.5404634,85.739685,12.850632
5.0608025,15.1963825,44.84637,4.544086,86.172905,12.87607
4.8909907,14.584494,44.19667,4.4555683,77.69522,12.350764
5.079872,15.261194,44.823517,4.5471444,87.26187,12.937153
5.005501,14.9731045,45.183327,4.4995356,82.83394,12.660823
4.980336,14.962151,44.106472,4.526848,82.20776,12.66037
5.059965,15.18346,44.901897,4.5400424,86.062225,12.865679
5.027642,15.074069,45.37292,4.498771,84.96449,12.755877
5.0681214,15.19654,45.147278,4.5353003,86.37299,12.876463
5.074671,15.236883,45.07764,4.540426,87.01894,12.915134
5.047829,15.145775,45.03316,4.5312524,85.50891,12.826229
5.0705376,15.249056,44.795563,4.544973,87.18096,12.927084
4.986716,14.993346,44.16842,4.5353174,82.54082,12.688298
5.0414443,15.125888,44.99899,4.529581,85.216736,12.809703
4.866491,14.509907,44.04215,4.4384527,76.88954,12.290892
4.93157,14.755188,44.551254,4.48162,79.80131,12.483817
5.06286,15.224759,44.72252,4.549322,86.5517,12.900446
4.8862834,14.614818,43.952232,4.4630046,78.002045,12.375031
5.0500307,15.148219,45.054775,4.5311375,85.56289,12.829481
5.0743933,15.234099,44.83438,4.5474963,86.72231,12.909758
5.036454,15.089958,45.182487,4.516303,84.80843,12.773799
4.930295,14.752609,44.752666,4.4732785,79.87282,12.478871
5.051434,15.148543,45.111107,4.5258217,85.63319,12.826231
5.061187,15.187638,45.034035,4.535617,86.28505,12.870374
4.9498014,14.856463,43.74557,4.518469,80.56829,12.567418
4.8779674,14.544571,44.0147,4.448651,77.24921,12.323979
5.052748,15.160802,45.013573,4.5368915,85.6346,12.840091
4.9710174,14.923105,44.12451,4.5204597,81.61858,12.625028
4.89681,14.666869,43.54548,4.4836764,78.30341,12.413709
5.0585766,15.182254,45.121548,4.533319,86.15912,12.86101
5.049278,15.166526,44.717678,4.545629,85.52673,12.845793
5.057894,15.180442,45.107155,4.5336223,86.13127,12.860013
5.027079,15.041691,45.103233,4.5094767,83.97448,12.728659
4.908273,14.647075,44.503628,4.4612346,78.54208,12.3999815
4.911089,14.679378,44.43544,4.4675517,78.838135,12.423699
4.945542,14.846414,44.114613,4.5086784,80.58464,12.55967
4.983006,14.870973,45.6728,4.457141,82.0883,12.565786
5.0585766,15.182254,45.121548,4.533319,86.15912,12.86101
5.071169,15.239604,44.781593,4.545347,87.00696,12.919505
5.0546503,15.184706,44.67569,4.5475287,85.84855,12.864123
5.073515,15.235741,44.925728,4.546188,86.82419,12.912835
4.948319,14.843213,43.949135,4.5118012,80.406715,12.559277
5.07361,15.230847,44.996414,4.5390363,87.03895,12.912762
5.0719295,15.2375765,44.90404,4.5425034,86.97342,12.913168
4.99249,15.011118,43.902298,4.544642,82.6077,12.705487
5.064757,15.191713,45.162323,4.534723,86.280914,12.870308
5.0620117,15.204238,44.88146,4.5431385,86.3366,12.882467
4.9454045,14.848532,43.8437,4.514989,80.46077,12.561498
4.9066243,14.70141,43.533363,4.4908905,78.607475,12.438887
5.0533113,15.170766,44.846558,4.5426784,85.66371,12.849354
4.898574,14.679567,43.468674,4.4869356,78.37897,12.421508
5.0447245,15.1433325,44.96959,4.5292797,85.541084,12.82406
5.0572233,15.171764,45.1394,4.5312853,86.04359,12.853029
5.0566454,15.185612,44.93974,4.538409,86.16304,12.866739
4.951054,14.839829,44.534107,4.4961405,80.83367,12.55138
5.0546346,15.159575,45.066032,4.5334005,85.669876,12.838362
5.0639677,15.198489,45.25076,4.531027,86.50176,12.875738
5.0589323,15.142336,45.308987,4.51778,85.725105,12.823375
5.0691347,15.217897,45.042572,4.542237,86.56669,12.894016
5.070215,15.220662,44.87618,4.5465674,86.53557,12.898951
5.057459,15.144208,45.312103,4.5175486,85.84213,12.827607
4.9068203,14.680977,44.16126,4.472784,78.71313,12.421418
5.072001,15.238612,44.91903,4.542354,87.03924,12.916998
4.883067,14.609351,43.62791,4.468277,77.74336,12.365738
4.988305,14.893882,45.595554,4.462456,82.37884,12.586897
5.0579176,15.202248,44.611916,4.547219,86.30733,12.885084
5.064678,15.194717,45.07646,4.5375824,86.29257,12.874381
5.0412984,15.115959,44.903996,4.534845,84.77847,12.797602
4.970388,14.975768,41.5722,4.5412865,80.11284,12.601835
5.0705376,15.249056,44.795563,4.544973,87.18096,12.927084
5.0533113,15.170766,44.846558,4.5426784,85.66371,12.849354
5.065867,15.226003,44.73668,4.5483065,86.607834,12.903039
4.9914165,15.025945,43.401913,4.558502,82.56289,12.7208805
5.078848,15.2656765,44.803955,4.545998,87.40105,12.941861
5.074671,15.236883,45.07764,4.540426,87.01894,12.915134
4.9803824,14.97403,44.303528,4.527395,82.42404,12.671546
5.0793576,15.2623415,44.7469,4.549226,87.213165,12.93787
4.9431887,14.800871,44.59593,4.4881377,80.37087,12.520231
4.979112,14.942075,44.46726,4.5136957,82.13913,12.639931
5.0486836,15.169536,44.742405,4.5445895,85.63199,12.848828
5.060342,15.184142,44.962513,4.5405307,85.97919,12.862664
5.0581436,15.192055,45.041306,4.536811,86.28128,12.870728
5.0661106,15.218904,44.651485,4.546794,86.598564,12.900925
4.930295,14.752609,44.752666,4.4732785,79.87282,12.478871
5.0658865,15.205709,44.963017,4.5399346,86.45236,12.884839
5.037001,15.083913,44.973408,4.522954,84.478065,12.769566
4.9591794,14.893382,43.82897,4.5225124,81.07703,12.599239
5.0608025,15.1963825,44.84637,4.544086,86.172905,12.87607
5.0346007,15.099118,45.157143,4.5203276,84.891266,12.781438
5.036454,15.089958,45.182487,4.516303,84.80843,12.773799
5.056893,15.176697,44.70847,4.548152,85.627174,12.855971
5.0529394,15.1668,44.935276,4.5388126,85.72832,12.847101
5.071541,15.227421,44.956894,4.54132,86.80588,12.904338
4.9959188,14.944126,45.32296,4.4861484,82.69961,12.634642
5.0558457,15.177469,45.001682,4.537122,85.93742,12.854934
5.065783,15.214397,45.023045,4.541465,86.540054,12.890847
5.070584,15.234,44.925655,4.5444155,86.86893,12.911909
5.0747967,15.250865,44.8654,4.546228,87.11409,12.927173
4.9881783,15.003132,43.499706,4.5528164,82.215416,12.699598
5.073515,15.235741,44.925728,4.546188,86.82419,12.912835
5.079872,15.261194,44.823517,4.5471444,87.26187,12.937153
5.064436,15.209452,44.798496,4.546832,86.27906,12.88547
5.0779343,15.276242,44.777424,4.544082,87.67803,12.952654
5.020849,14.994884,45.454952,4.482277,83.66983,12.678847
5.037289,15.113766,44.933804,4.532299,84.828026,12.795252
5.070149,15.237348,44.582756,4.550161,86.79546,12.915988
5.0676928,15.210797,45.117676,4.5353065,86.726845,12.892399
5.054439,15.175165,44.861095,4.538922,85.95857,12.857835
4.9568367,14.864509,44.170033,4.5103817,80.86708,12.575438
5.0705376,15.249056,44.795563,4.544973,87.18096,12.927084
5.001817,14.96563,45.22079,4.497159,82.77778,12.653091
4.9945354,15.032612,43.82231,4.5490623,82.97056,12.727568
4.888644,14.580474,43.793663,4.463222,77.46321,12.349046
4.984365,14.881843,45.51527,4.4706645,81.941925,12.576352
5.0705523,15.221799,45.15429,4.5358286,86.912895,12.90299
5.067019,15.207572,45.041344,4.5391965,86.50337,12.886755
5.0608025,15.1963825,44.84637,4.544086,86.172905,12.87607
5.0649557,15.216368,44.99764,4.539194,86.747856,12.89736
4.975936,14.848831,45.62528,4.4566464,81.73816,12.547034
5.076601,15.256344,44.775116,4.5468044,87.22118,12.934531
5.0788956,15.257118,45.0115,4.5401964,87.47888,12.938059
5.0606704,15.183993,45.118526,4.5349164,86.11607,12.861742
5.0672064,15.214763,44.739086,4.546717,86.476715,12.895553
4.901626,14.647721,44.6318,4.454297,78.63536,12.39579
5.079872,15.261194,44.823517,4.5471444,87.26187,12.937153
5.0709634,15.235372,44.89814,4.5453906,86.84757,12.911994
5.0608077,15.186484,45.066113,4.535872,86.12789,12.863505
5.070432,15.224454,45.03282,4.5380673,86.93038,12.905729
5.0145807,14.860401,36.684612,4.421215,84.21272,12.716086
5.0177884,15.09875,43.633736,4.5622582,83.850525,12.7867565
5.059108,15.14563,45.19165,4.523144,85.69139,12.828195
5.027079,15.041691,45.103233,4.5094767,83.97448,12.728659
4.9309664,14.743378,44.437214,4.4817376,79.458725,12.472541
5.074588,15.241084,45.062298,4.5389094,87.21395,12.92256
5.0666366,15.169113,45.18256,4.528852,86.0186,12.852067
4.9612007,14.876877,44.596546,4.499587,81.37409,12.583569
5.0494523,15.159575,45.079018,4.5298924,85.86877,12.840859
5.0715113,15.232282,44.990105,4.5417566,86.91562,12.910549
5.0343304,15.053895,45.536194,4.4909744,84.63811,12.735551
5.051449,15.163671,44.985806,4.534575,85.76588,12.8428
5.064963,15.191587,44.95755,4.54182,86.076355,12.870101
5.0169015,14.998332,45.387505,4.4938626,83.447876,12.681962
4.952162,14.887313,44.007645,4.5180116,81.12811,12.596271
5.0087624,15.029831,44.65798,4.5264406,83.42538,12.720881
5.0376306,15.122553,44.94058,4.532847,84.99523,12.802723
5.076505,15.261753,44.80556,4.542988,87.51929,12.939312
4.9729023,14.929755,44.40279,4.5128493,81.9723,12.629933
5.058275,15.184795,44.96821,4.536539,86.172035,12.865327
5.053656,15.150174,45.271732,4.5246716,85.722374,12.829274
5.056193,15.181171,44.71559,4.5468216,85.75181,12.8596325
4.961873,14.912234,43.940746,4.526145,81.318695,12.61725
